time,seconds_elapsed,z,y,x
1700957980091032800,0.12003271484375,-0.011988639831542969,-0.07303953170776367,-0.2824997007846832
1700957980108020200,0.137020263671875,0.5229144096374512,-0.009356975555419922,-0.4815016984939575
1700957980125011700,0.15401171875,0.9309358596801758,0.28696489334106445,-1.2040162086486816
1700957980142008300,0.17100830078125,0.8989400863647461,0.5172114372253418,-1.549839735031128
1700957980158999800,0.187999755859375,0.6616897583007812,0.7952685356140137,-0.7607677578926086
1700957980175997700,0.204997802734375,1.1685457229614258,0.889185905456543,-0.6794729828834534
1700957980192978000,0.22197802734375,2.487044334411621,1.0004687309265137,0.0353427529335022
1700957980209976600,0.2389765625,2.2103805541992188,0.8018264770507812,0.14013773202896118
1700957980226967800,0.2559677734375,1.4096288681030273,0.4663381576538086,0.2642441987991333
1700957980243959800,0.272959716796875,0.5014853477478027,-0.3930840492248535,0.38730621337890625
1700957980260950500,0.289950439453125,-0.6302809715270996,-0.36205053329467773,0.07986116409301758
1700957980277941500,0.30694140625,-1.4749360084533691,-1.5800108909606934,-0.05364251136779785
1700957980294936000,0.32393603515625,-0.09318304061889648,-1.810600757598877,-0.731116533279419
1700957980311924700,0.3409248046875,1.2511916160583496,-3.0058016777038574,-1.6106314659118652
1700957980328913400,0.357913330078125,2.305539131164551,-4.170419692993164,-2.662466049194336
1700957980345906700,0.37490673828125,1.0165376663208008,-5.416274070739746,-3.6053717136383057
1700957980362894300,0.391894287109375,-1.1084003448486328,-7.223085880279541,-3.966719627380371
1700957980379883000,0.408883056640625,-1.796807050704956,-8.786311149597168,-4.034351348876953
1700957980396881200,0.425881103515625,-1.9823169708251953,-9.765440940856934,-4.721755504608154
1700957980413863200,0.44286328125,-2.477893352508545,-10.683426856994629,-4.990679740905762
1700957980430858800,0.459858642578125,-1.6899913549423218,-10.962837219238281,-5.098832130432129
1700957980447857200,0.476857177734375,-0.44655120372772217,-11.077315330505371,-4.628683090209961
1700957980464846800,0.493846923828125,0.3996783494949341,-11.676616668701172,-2.8838067054748535
1700957980481832200,0.510832275390625,1.9186872243881226,-11.817506790161133,-1.254251480102539
1700957980498827000,0.527826904296875,1.7139829397201538,-12.534891128540039,-0.15010499954223633
1700957980515818800,0.54481884765625,0.45844149589538574,-12.57542610168457,1.167224407196045
1700957980532807200,0.56180712890625,-0.7312133312225342,-12.268678665161133,2.5041918754577637
1700957980549797600,0.578797607421875,-0.7550358772277832,-12.717461585998535,3.842963218688965
1700957980566794500,0.59579443359375,-0.6005113124847412,-13.345985412597656,6.056347846984863
1700957980583780400,0.6127802734375,-0.8560616970062256,-13.704148292541504,10.273605346679688
1700957980600775200,0.629775146484375,0.9877179861068726,-12.840598106384277,15.948110580444336
1700957980617754000,0.646754150390625,0.13391709327697754,-11.225983619689941,18.99603843688965
1700957980634754000,0.663754150390625,-2.138277053833008,-10.214957237243652,16.850467681884766
1700957980651743500,0.680743408203125,-1.5661321878433228,-10.815801620483398,16.983116149902344
1700957980668739800,0.69773974609375,2.7788233757019043,-11.595767974853516,24.935760498046875
1700957980685730800,0.714730712890625,6.544576644897461,-7.678431987762451,35.587066650390625
1700957980702719200,0.73171923828125,6.181792259216309,-0.3552422523498535,34.833824157714844
1700957980719712500,0.74871240234375,0.8463865518569946,3.8670058250427246,29.779150009155273
1700957980736700700,0.76570068359375,-1.0776686668395996,6.352736473083496,25.967666625976562
1700957980753683200,0.78268310546875,-0.9294993877410889,9.228123664855957,22.076217651367188
1700957980770688300,0.799688232421875,-2.9113011360168457,13.27387809753418,20.435218811035156
1700957980787676200,0.81667626953125,-4.668323040008545,17.317401885986328,18.680931091308594
1700957980804670200,0.833670166015625,-4.04044771194458,20.906518936157227,14.021064758300781
1700957980821656300,0.85065625,-1.6378157138824463,23.883045196533203,5.60775899887085
1700957980838651100,0.867651123046875,0.8024977445602417,26.27191734313965,-0.4848909378051758
1700957980855642000,0.88464208984375,2.6174089908599854,27.060739517211914,-1.3913593292236328
1700957980872630800,0.901630859375,1.9174234867095947,26.48115348815918,1.5948305130004883
1700957980889624600,0.91862451171875,0.21637606620788574,24.796689987182617,2.5570178031921387
1700957980906616300,0.9356162109375,-0.8628772497177124,22.5252742767334,1.3782758712768555
1700957980923605000,0.95260498046875,-2.3378989696502686,20.758747100830078,2.6214470863342285
1700957980940598500,0.9695986328125,-2.585270881652832,18.713956832885742,7.413748741149902
1700957980957577500,0.986577392578125,-2.3355870246887207,17.069299697875977,12.91766357421875
1700957980974582300,1.003582275390625,-2.351322889328003,15.084733963012695,18.929540634155273
1700957980991567000,1.020567138671875,-5.031298637390137,12.83080005645752,24.82012939453125
1700957981008556000,1.03755615234375,-7.317632675170898,11.383830070495605,29.94300079345703
1700957981025562600,1.054562744140625,-10.806842803955078,9.351092338562012,37.731903076171875
1700957981042543000,1.071543212890625,-8.468766212463379,4.973638534545898,44.58848571777344
1700957981059534300,1.088534423828125,-1.0591672658920288,3.401895523071289,47.40694046020508
1700957981076531000,1.105531005859375,1.9425034523010254,-0.14973020553588867,52.25749206542969
1700957981093512700,1.1225126953125,2.427288055419922,-5.098928928375244,50.42371368408203
1700957981110513400,1.139513427734375,0.8978235125541687,-9.455864906311035,43.911842346191406
1700957981127500300,1.156500244140625,-2.022371768951416,-14.573654174804688,36.74272537231445
1700957981144494300,1.173494384765625,-2.9070889949798584,-19.192108154296875,24.64177131652832
1700957981161477600,1.1904775390625,0.3117537498474121,-22.236801147460938,15.041336059570312
1700957981178477600,1.2074775390625,7.704753875732422,-25.68062973022461,10.766371726989746
1700957981195466800,1.224466796875,13.001087188720703,-29.826091766357422,9.68971061706543
1700957981212455000,1.241454833984375,14.191238403320312,-32.799476623535156,9.355525016784668
1700957981229447200,1.258447265625,11.532537460327148,-34.67005920410156,8.380501747131348
1700957981246441200,1.275441162109375,7.512642860412598,-33.97043228149414,5.874018669128418
1700957981263427600,1.292427490234375,4.608981132507324,-32.14067840576172,2.9782156944274902
1700957981280423200,1.309423095703125,4.574572563171387,-31.64752197265625,2.60500431060791
1700957981297412400,1.326412353515625,6.464043617248535,-32.056400299072266,4.494253158569336
1700957981314406100,1.34340625,9.891891479492188,-30.81220245361328,5.754429817199707
1700957981331392300,1.360392333984375,8.932294845581055,-29.356922149658203,9.309769630432129
1700957981348387000,1.377386962890625,2.5911412239074707,-27.430641174316406,13.9916410446167
1700957981365378600,1.394378662109375,-6.28718376159668,-25.136640548706055,17.35814094543457
1700957981382366000,1.411365966796875,-9.62232494354248,-22.58755874633789,17.905548095703125
1700957981399360000,1.428360107421875,-10.128868103027344,-16.275941848754883,19.155620574951172
1700957981416342500,1.445342529296875,-16.072980880737305,-6.3450188636779785,30.822458267211914
1700957981433336800,1.4623369140625,-26.5718936920166,3.480550765991211,54.72142028808594
1700957981450337500,1.479337646484375,-23.937549591064453,8.950340270996094,67.29106140136719
1700957981467324200,1.49632421875,-1.189605712890625,14.661828994750977,54.28916549682617
1700957981484318200,1.513318115234375,12.599050521850586,16.556747436523438,33.671939849853516
1700957981501304300,1.53030419921875,13.489950180053711,15.918540000915527,20.508747100830078
1700957981518288400,1.547288330078125,8.4431791305542,15.85830307006836,10.823328018188477
1700957981535291400,1.56429150390625,-0.1737060546875,16.53127670288086,7.066188812255859
1700957981552279000,1.581279052734375,-3.3568403720855713,17.23098373413086,2.7944812774658203
1700957981569271600,1.598271484375,1.3709793090820312,17.87112045288086,-6.229424476623535
1700957981586265600,1.615265625,6.946959495544434,18.474735260009766,-11.97440242767334
1700957981603251500,1.63225146484375,12.076478004455566,19.68206024169922,-13.550010681152344
1700957981620248600,1.64924853515625,12.175664901733398,20.288055419921875,-11.911646842956543
1700957981637235000,1.66623486328125,6.309808254241943,19.521011352539062,-8.71235466003418
1700957981654230300,1.683230224609375,0.6548185348510742,19.819978713989258,-8.22594928741455
1700957981671216400,1.70021630859375,-1.9375958442687988,20.091976165771484,-6.482878684997559
1700957981688211000,1.7172109375,-0.9379293918609619,18.646081924438477,-1.7047085762023926
1700957981705204700,1.734204833984375,2.9648854732513428,16.20323944091797,4.798212051391602
1700957981722195200,1.7511953125,6.6695027351379395,14.847614288330078,12.217511177062988
1700957981739174000,1.768173828125,3.8025500774383545,15.261646270751953,18.263961791992188
1700957981756168700,1.785168701171875,-3.9319875240325928,18.000747680664062,26.345603942871094
1700957981773167400,1.80216748046875,-10.09081745147705,15.950736999511719,36.10451126098633
1700957981790163000,1.819162841796875,-5.890254020690918,11.807281494140625,37.43027877807617
1700957981807148800,1.836148681640625,1.9685463905334473,7.172877311706543,34.514739990234375
1700957981824142600,1.853142578125,2.8899636268615723,3.985825538635254,33.233917236328125
1700957981841129000,1.87012890625,-1.7441977262496948,-2.768381118774414,27.834911346435547
1700957981858122800,1.887122802734375,-5.0398688316345215,-12.393509864807129,24.966705322265625
1700957981875101000,1.904100830078125,-3.294739007949829,-20.084976196289062,19.539440155029297
1700957981892103200,1.921103271484375,-1.7091070413589478,-25.32822036743164,12.644058227539062
1700957981909098200,1.93809814453125,2.080996036529541,-28.798221588134766,5.4825005531311035
1700957981926079700,1.955079833984375,7.7004714012146,-29.929794311523438,-0.9227919578552246
1700957981943071500,1.972071533203125,8.031288146972656,-31.245195388793945,-3.563382148742676
1700957981960063000,1.98906298828125,4.653149127960205,-33.30107498168945,-1.26296865940094
1700957981977063000,2.00606298828125,1.182579517364502,-34.128910064697266,1.5834218263626099
1700957981994052000,2.023052001953125,-0.15721964836120605,-32.76396179199219,1.9567229747772217
1700957982011044000,2.040044189453125,1.7451871633529663,-30.61502456665039,1.104850172996521
1700957982028035300,2.057035400390625,5.008867263793945,-29.265727996826172,1.9298386573791504
1700957982045027000,2.074027099609375,5.781841278076172,-28.247108459472656,6.6998982429504395
1700957982062015200,2.09101513671875,2.7086997032165527,-26.06511116027832,13.099479675292969
1700957982079006200,2.108006103515625,-2.5850818157196045,-18.30998992919922,16.410533905029297
1700957982095998200,2.124998291015625,-10.158428192138672,-12.772027969360352,21.277606964111328
1700957982112984600,2.141984619140625,-13.613887786865234,-9.05201530456543,24.126575469970703
1700957982129973000,2.158972900390625,-12.693145751953125,-2.203660726547241,23.6995849609375
1700957982146970000,2.17597021484375,-11.860681533813477,4.650088310241699,32.74302291870117
1700957982163969000,2.192968994140625,-10.547117233276367,9.092048645019531,48.972251892089844
1700957982180953300,2.209953369140625,-4.36828088760376,13.24738883972168,55.12846374511719
1700957982197948200,2.2269482421875,2.631812572479248,18.232685089111328,38.52646255493164
1700957982214942700,2.243942626953125,4.026898384094238,18.727428436279297,15.493666648864746
1700957982231920000,2.260920166015625,0.5521032810211182,16.609878540039062,-0.6672468185424805
1700957982248924000,2.277923828125,-2.2101480960845947,16.010404586791992,-10.14621353149414
1700957982265913600,2.29491357421875,-1.1203548908233643,16.932361602783203,-13.957663536071777
1700957982282899500,2.3118994140625,3.550446033477783,18.271852493286133,-13.392070770263672
1700957982299898000,2.328898193359375,6.477998733520508,19.788166046142578,-9.51645278930664
1700957982316881400,2.34588134765625,6.184849739074707,20.413074493408203,-7.133882999420166
1700957982333879800,2.3628798828125,4.691277027130127,19.452157974243164,-9.95092487335205
1700957982350865400,2.379865478515625,3.077444553375244,17.586084365844727,-13.039277076721191
1700957982367857400,2.396857421875,1.8047324419021606,17.084035873413086,-12.967586517333984
1700957982384853800,2.413853759765625,0.3840968608856201,17.012022018432617,-4.5955915451049805
1700957982401840000,2.430840087890625,-0.8701450824737549,17.17059898376465,7.429726600646973
1700957982418832400,2.447832275390625,0.31117963790893555,16.26157569885254,15.875415802001953
1700957982435826200,2.464826171875,3.960972309112549,15.519658088684082,16.66922378540039
1700957982452812000,2.48181201171875,5.6740031242370605,17.901168823242188,18.059356689453125
1700957982469807600,2.4988076171875,3.015704393386841,18.604412078857422,30.49347686767578
1700957982486797300,2.51579736328125,-1.1657741069793701,14.090577125549316,43.29752731323242
1700957982503787300,2.532787353515625,-5.097649574279785,7.585067272186279,45.94316864013672
1700957982520780300,2.5497802734375,-8.80488395690918,-1.81581449508667,40.36159133911133
1700957982537761300,2.56676123046875,-5.012286186218262,-12.026216506958008,29.457157135009766
1700957982554761500,2.583761474609375,5.266204833984375,-21.401700973510742,17.757831573486328
1700957982571749400,2.600749267578125,13.874554634094238,-27.476638793945312,7.630100727081299
1700957982588746500,2.61774658203125,15.039713859558105,-30.749710083007812,1.4843000173568726
1700957982605738200,2.63473828125,9.368486404418945,-32.11854553222656,-1.0312964916229248
1700957982622721500,2.651721435546875,3.6837778091430664,-32.63576126098633,-1.0760732889175415
1700957982639722200,2.66872216796875,-0.7211439609527588,-33.22953796386719,0.11362206935882568
1700957982656709400,2.68570947265625,-0.03528475761413574,-32.172271728515625,-2.7393698692321777
1700957982673699600,2.702699462890625,3.2772176265716553,-30.29705810546875,-6.730953693389893
1700957982690692400,2.7196923828125,5.84134578704834,-28.063186645507812,-6.274763107299805
1700957982707683600,2.73668359375,6.626514434814453,-26.51340103149414,-1.4880354404449463
1700957982724665000,2.7536650390625,5.162140846252441,-25.437210083007812,4.988656997680664
1700957982741663700,2.770663818359375,2.244905948638916,-23.42847442626953,10.176868438720703
1700957982758656300,2.78765625,-1.6031091213226318,-21.090229034423828,12.216191291809082
1700957982775650800,2.80465087890625,-3.606144428253174,-17.08300018310547,13.157049179077148
1700957982792635100,2.82163525390625,-9.748823165893555,-8.567122459411621,15.695503234863281
1700957982809632000,2.838632080078125,-17.16779327392578,-0.1752302646636963,32.05690002441406
1700957982826621400,2.855621337890625,-16.370325088500977,4.639215469360352,55.770294189453125
1700957982843611400,2.872611328125,-0.8233873844146729,11.21545696258545,57.33479309082031
1700957982860605700,2.889605712890625,11.908868789672852,17.20280647277832,35.75028991699219
1700957982877584100,2.906584228515625,11.60722827911377,17.267669677734375,15.313187599182129
1700957982894585900,2.9235859375,5.2219696044921875,15.171407699584961,4.168574333190918
1700957982911578400,2.940578369140625,-0.32239437103271484,14.279352188110352,-2.49819278717041
1700957982928568600,2.957568603515625,-1.6990635395050049,14.099523544311523,-7.132312297821045
1700957982945553200,2.97455322265625,0.011426448822021484,14.427274703979492,-8.961252212524414
1700957982962541300,2.991541259765625,3.6997835636138916,16.00313949584961,-10.228620529174805
1700957982979543300,3.008543212890625,7.080723762512207,18.40480613708496,-10.58141803741455
1700957982996537600,3.02553759765625,6.710942268371582,19.17302131652832,-9.60733699798584
1700957983013518000,3.04251806640625,3.2265288829803467,19.17279815673828,-10.243474006652832
1700957983030503700,3.059503662109375,0.19263052940368652,19.42353630065918,-10.33289623260498
1700957983047508200,3.07650830078125,-0.4089837074279785,19.844545364379883,-6.472256660461426
1700957983064500000,3.0935,1.547037124633789,18.811351776123047,1.4291067123413086
1700957983081491500,3.110491455078125,3.6606674194335938,17.226646423339844,9.931790351867676
1700957983098481700,3.127481689453125,1.57090425491333,15.084087371826172,16.104515075683594
1700957983115463400,3.14446337890625,-2.7109758853912354,15.797359466552734,19.885494232177734
1700957983132461600,3.161461669921875,-2.931884765625,17.693674087524414,25.791149139404297
1700957983149459000,3.178458984375,-1.18973970413208,13.258217811584473,34.23934555053711
1700957983166436000,3.19543603515625,-0.02599477767944336,10.631185531616211,38.11278533935547
1700957983183438600,3.2124384765625,-3.9578135013580322,3.600752830505371,40.455352783203125
1700957983200429000,3.229428955078125,-4.936107158660889,-6.112243175506592,36.64865493774414
1700957983217418800,3.246418701171875,1.8092666864395142,-15.743705749511719,25.597415924072266
1700957983234418000,3.26341796875,10.569987297058105,-22.59261703491211,13.72181510925293
1700957983251406000,3.280406005859375,13.816522598266602,-26.908742904663086,5.8112335205078125
1700957983268393200,3.297393310546875,10.48526382446289,-28.91893768310547,0.7570280432701111
1700957983285386800,3.31438671875,5.126420974731445,-29.895267486572266,-1.691884994506836
1700957983302376200,3.331376220703125,2.3148632049560547,-30.05965232849121,-2.4929330348968506
1700957983319368400,3.348368408203125,0.7492234706878662,-29.799999237060547,-2.090639352798462
1700957983336348400,3.365348388671875,1.5484795570373535,-28.94220542907715,-1.7392489910125732
1700957983353348600,3.3823486328125,3.5783627033233643,-27.209835052490234,-1.6003581285476685
1700957983370346200,3.39934619140625,5.334227085113525,-24.73648452758789,-2.08428955078125
1700957983387335200,3.416335205078125,6.398003101348877,-22.767105102539062,-0.8749866485595703
1700957983404326400,3.433326416015625,5.0569000244140625,-21.683685302734375,4.092931270599365
1700957983421318700,3.450318603515625,2.2604329586029053,-20.374446868896484,8.60462760925293
1700957983438306000,3.46730615234375,-0.42867612838745117,-18.348224639892578,11.892447471618652
1700957983455298300,3.48429833984375,-2.5805845260620117,-13.907035827636719,11.55119514465332
1700957983472278300,3.5012783203125,-8.18929672241211,-2.949012041091919,16.199012756347656
1700957983489280800,3.51828076171875,-18.36649513244629,3.696394443511963,37.61763000488281
1700957983506271200,3.535271240234375,-13.195926666259766,8.163187980651855,53.48767852783203
1700957983523263200,3.55226318359375,0.6371395587921143,12.870149612426758,46.395294189453125
1700957983540241400,3.569241455078125,9.009895324707031,16.04039764404297,25.38082504272461
1700957983557239000,3.586239013671875,9.363037109375,15.394523620605469,9.806621551513672
1700957983574232300,3.603232421875,5.337799072265625,13.561927795410156,1.7361783981323242
1700957983591219000,3.620218994140625,1.955936074256897,12.71724796295166,-4.397583961486816
1700957983608213800,3.6372138671875,1.4720921516418457,13.093894958496094,-9.096797943115234
1700957983625199900,3.654199951171875,3.4395453929901123,13.845813751220703,-9.44003677368164
1700957983642193400,3.671193359375,5.947683811187744,14.898614883422852,-8.149125099182129
1700957983659185700,3.688185546875,9.047149658203125,15.74218463897705,-7.839840412139893
1700957983676168000,3.70516796875,10.279329299926758,16.017732620239258,-9.770191192626953
1700957983693167900,3.72216796875,7.938563823699951,15.648784637451172,-12.131551742553711
1700957983710156000,3.739156005859375,4.2655181884765625,15.991817474365234,-13.335836410522461
1700957983727147500,3.7561474609375,1.4164822101593018,16.631406784057617,-9.200861930847168
1700957983744140300,3.773140380859375,0.6795375347137451,15.729162216186523,0.9272832870483398
1700957983761143000,3.79014306640625,3.143324613571167,14.718460083007812,9.5274019241333
1700957983778120000,3.807119873046875,5.50815486907959,14.759284019470215,13.114304542541504
1700957983795123000,3.824123046875,6.028504371643066,17.68248748779297,15.943879127502441
1700957983812110600,3.841110595703125,3.7414000034332275,17.554922103881836,26.37961769104004
1700957983829108000,3.85810791015625,1.549654245376587,14.69184684753418,33.88136291503906
1700957983846095400,3.875095458984375,-2.229048728942871,11.434778213500977,35.638572692871094
1700957983863087900,3.892087890625,-9.36032485961914,3.9138174057006836,35.616825103759766
1700957983880074500,3.909074462890625,-8.168830871582031,-6.07926607131958,28.978836059570312
1700957983897074000,3.926073974609375,1.9906986951828003,-14.612576484680176,17.498449325561523
1700957983914060500,3.943060546875,11.956747055053711,-20.90911293029785,9.529534339904785
1700957983931052800,3.960052734375,14.170404434204102,-25.459630966186523,4.671651840209961
1700957983948042800,3.977042724609375,8.827354431152344,-28.741050720214844,1.6563217639923096
1700957983965035000,3.994034912109375,2.614828586578369,-30.32733917236328,-0.8218575119972229
1700957983982025500,4.011025390625,0.47237133979797363,-30.727985382080078,-2.1369411945343018
1700957983999006700,4.0280068359375,1.8147995471954346,-30.823379516601562,-2.7396020889282227
1700957984015996700,4.04499658203125,4.529504299163818,-30.41344451904297,-2.468799114227295
1700957984033000200,4.062000244140625,6.420215606689453,-28.47252082824707,-2.1050844192504883
1700957984049990100,4.078990234375,6.167668342590332,-25.41986846923828,-1.1046596765518188
1700957984066982400,4.095982421875,4.144437789916992,-23.28482437133789,3.187816619873047
1700957984083972900,4.112972900390625,2.2023534774780273,-22.041404724121094,8.998946189880371
1700957984100961500,4.12996142578125,0.06702685356140137,-21.00227165222168,12.419809341430664
1700957984117955300,4.146955322265625,-2.2529914379119873,-15.828035354614258,9.556981086730957
1700957984134950100,4.1639501953125,-7.508408546447754,-6.880748748779297,16.73621368408203
1700957984151935500,4.180935546875,-16.217205047607422,1.5100464820861816,39.648929595947266
1700957984168931800,4.197931884765625,-11.989592552185059,9.727615356445312,59.211299896240234
1700957984185920300,4.214920166015625,0.7469742298126221,15.879898071289062,50.42503356933594
1700957984202912500,4.23191259765625,6.383111953735352,17.89764404296875,25.789592742919922
1700957984219902700,4.24890283203125,6.265363693237305,15.572809219360352,9.119974136352539
1700957984236894700,4.265894775390625,3.6199774742126465,12.282336235046387,0.4735584259033203
1700957984253885000,4.282885009765625,1.1624994277954102,10.858579635620117,-6.000824928283691
1700957984270875000,4.299875,0.18414926528930664,11.66519546508789,-9.751519203186035
1700957984287870000,4.316869873046875,1.9391205310821533,12.413349151611328,-9.537834167480469
1700957984304857300,4.333857421875,5.480612277984619,13.928733825683594,-8.793643951416016
1700957984321852700,4.350852783203125,8.180322647094727,15.905143737792969,-9.329835891723633
1700957984338842000,4.367842041015625,9.236340522766113,17.66840934753418,-10.945854187011719
1700957984355830500,4.38483056640625,7.133630752563477,18.273021697998047,-12.502201080322266
1700957984372822000,4.401822021484375,3.749187707901001,18.18583869934082,-11.172538757324219
1700957984389817300,4.4188173828125,2.248974561691284,17.433210372924805,-6.521807670593262
1700957984406807000,4.43580712890625,1.505834698677063,16.430253982543945,0.8447275161743164
1700957984423797200,4.45279736328125,0.7170685529708862,15.127767562866211,8.476323127746582
1700957984440789800,4.469789794921875,1.4859445095062256,14.91815185546875,11.392565727233887
1700957984457769500,4.48676953125,4.073594093322754,16.95982551574707,14.879706382751465
1700957984474772000,4.50377197265625,6.394801139831543,16.13870620727539,25.840089797973633
1700957984491765500,4.520765625,6.720814228057861,13.54214096069336,33.86869812011719
1700957984508751000,4.537751220703125,1.9992265701293945,9.532112121582031,37.03040313720703
1700957984525744600,4.55474462890625,-3.613779067993164,1.8160228729248047,37.41820526123047
1700957984542737000,4.57173681640625,-2.598599910736084,-8.747857093811035,30.572185516357422
1700957984559727000,4.58872705078125,4.471972465515137,-16.633325576782227,17.274648666381836
1700957984576719600,4.6057197265625,11.296810150146484,-20.881677627563477,7.175712585449219
1700957984593709600,4.62270947265625,12.32115650177002,-23.515941619873047,3.01995849609375
1700957984610702000,4.6397021484375,7.36658239364624,-25.157989501953125,0.6855754852294922
1700957984627692000,4.656692138671875,0.5842769145965576,-25.82694435119629,0.5986326932907104
1700957984644684500,4.6736845703125,-4.226823329925537,-25.624794006347656,1.0154621601104736
1700957984661674800,4.6906748046875,-4.268106460571289,-25.531036376953125,-1.2543531656265259
1700957984678667000,4.7076669921875,-1.383981704711914,-25.719221115112305,-5.178139686584473
1700957984695657000,4.724656982421875,1.586948275566101,-25.062923431396484,-9.16817855834961
1700957984712646700,4.741646728515625,2.5666918754577637,-23.865299224853516,-9.916910171508789
1700957984729642000,4.75864208984375,1.3287949562072754,-22.748374938964844,-5.348394393920898
1700957984746631700,4.775631591796875,0.7243483066558838,-21.876745223999023,0.9871864318847656
1700957984763629000,4.792629150390625,0.5517191886901855,-20.395788192749023,6.6704630851745605
1700957984780617000,4.809616943359375,-0.8759617805480957,-17.56568145751953,9.067025184631348
1700957984797613800,4.82661376953125,-2.6237101554870605,-8.395100593566895,6.815962791442871
1700957984814596900,4.843596923828125,-10.080292701721191,1.533154010772705,14.371706008911133
1700957984831586800,4.8605869140625,-14.391843795776367,7.16717004776001,35.8978385925293
1700957984848579300,4.877579345703125,-8.535665512084961,6.83737850189209,51.41651153564453
1700957984865569500,4.894569580078125,3.6610300540924072,10.808012008666992,42.028831481933594
1700957984882562000,4.91156201171875,15.122272491455078,14.566447257995605,19.04714012145996
1700957984899552000,4.928552001953125,13.017234802246094,12.69501781463623,4.712264060974121
1700957984916547300,4.94554736328125,4.335915565490723,10.261487007141113,-2.6270227432250977
1700957984933528800,4.96252880859375,-1.144181489944458,10.08792495727539,-9.356992721557617
1700957984950518500,4.9795185546875,-2.0628228187561035,11.138060569763184,-13.778532028198242
1700957984967517000,4.996516845703125,-0.01726675033569336,11.18150806427002,-12.224442481994629
1700957984984509000,5.013509033203125,4.050398349761963,11.302741050720215,-9.39121150970459
1700957985001499100,5.0304990234375,8.593624114990234,11.706668853759766,-9.919163703918457
1700957985018480400,5.04748046875,12.480785369873047,12.204643249511719,-12.763666152954102
1700957985035482600,5.064482666015625,12.00416374206543,12.622190475463867,-13.799893379211426
1700957985052474000,5.08147412109375,6.977900981903076,14.401878356933594,-9.900520324707031
1700957985069465900,5.0984658203125,1.0525696277618408,15.335166931152344,-1.3191781044006348
1700957985086452200,5.1154521484375,-1.112980604171753,14.155248641967773,8.372526168823242
1700957985103449600,5.13244970703125,1.5592724084854126,12.474838256835938,13.335034370422363
1700957985120439000,5.14943896484375,6.050383567810059,11.967658996582031,11.914278030395508
1700957985137429200,5.16642919921875,9.743213653564453,13.761161804199219,13.240995407104492
1700957985154407700,5.18340771484375,7.879829406738281,12.761375427246094,22.54587745666504
1700957985171411700,5.20041162109375,2.909285306930542,10.231613159179688,28.935405731201172
1700957985188406800,5.21740673828125,-4.3802080154418945,6.789637565612793,31.676067352294922
1700957985205391400,5.234391357421875,-10.751749038696289,-0.37913942337036133,30.77869415283203
1700957985222386700,5.25138671875,-8.256805419921875,-8.309558868408203,22.370376586914062
1700957985239377000,5.268376953125,1.1014143228530884,-14.717205047607422,10.482390403747559
1700957985256358100,5.285358154296875,9.04085922241211,-19.40799331665039,1.9909625053405762
1700957985273361000,5.30236083984375,10.419145584106445,-22.419208526611328,-2.451575756072998
1700957985290350000,5.31935009765625,7.047987937927246,-23.96108055114746,-4.202520370483398
1700957985307326000,5.336325927734375,3.3877367973327637,-24.44135284423828,-4.287036418914795
1700957985324333800,5.353333740234375,1.7695796489715576,-24.617382049560547,-3.423293113708496
1700957985341324300,5.37032421875,1.9292924404144287,-24.782684326171875,-2.6628670692443848
1700957985358316500,5.387316650390625,3.547971725463867,-24.406272888183594,-2.190093755722046
1700957985375294500,5.40429443359375,4.738718509674072,-23.04018783569336,-2.751422643661499
1700957985392288000,5.4212880859375,4.130827903747559,-21.211994171142578,-2.735750675201416
1700957985409291800,5.438291748046875,2.811232089996338,-19.389619827270508,-1.0055937767028809
1700957985426271200,5.455271240234375,1.2199864387512207,-18.372407913208008,5.279371738433838
1700957985443270000,5.472269775390625,0.6209900379180908,-15.7081298828125,13.974727630615234
1700957985460254700,5.489254638671875,2.338494300842285,-8.596136093139648,18.829303741455078
1700957985477243100,5.5062431640625,-2.3758339881896973,-1.7179827690124512,21.695514678955078
1700957985494240500,5.523240478515625,-12.437880516052246,3.81412935256958,22.918378829956055
1700957985511229000,5.54022900390625,-11.06267261505127,5.810121059417725,24.842365264892578
1700957985528219400,5.557219482421875,1.618920087814331,7.143148899078369,28.037675857543945
1700957985545207800,5.574207763671875,12.204278945922852,8.725691795349121,27.540592193603516
1700957985562203400,5.591203369140625,14.866259574890137,11.080584526062012,19.81560516357422
1700957985579191800,5.60819189453125,10.74495792388916,13.063752174377441,9.36357307434082
1700957985596181500,5.625181396484375,2.579779624938965,13.713458061218262,1.8462152481079102
1700957985613174300,5.64217431640625,-3.115837574005127,13.619810104370117,-3.234682083129883
1700957985630176300,5.65917626953125,-3.197199583053589,13.26016902923584,-6.6342387199401855
1700957985647166700,5.676166748046875,0.29618144035339355,12.81206226348877,-7.76925802230835
1700957985664158700,5.69315869140625,4.547299385070801,13.407055854797363,-9.466582298278809
1700957985681146600,5.710146728515625,5.987749099731445,14.212783813476562,-11.749767303466797
1700957985698144000,5.72714404296875,2.1483123302459717,14.138056755065918,-13.945632934570312
1700957985715131600,5.744131591796875,-2.522068977355957,14.299792289733887,-15.614252090454102
1700957985732121300,5.761121337890625,-3.824822187423706,14.286761283874512,-13.093137741088867
1700957985749116400,5.778116455078125,0.3474971055984497,13.633787155151367,-6.236439228057861
1700957985766106400,5.7951064453125,7.528794288635254,12.528030395507812,0.11908149719238281
1700957985783096600,5.8120966796875,9.9640531539917,11.74885368347168,6.320084571838379
1700957985800088600,5.829088623046875,7.373190879821777,11.919710159301758,9.813804626464844
1700957985817079000,5.8460791015625,3.2647252082824707,15.476034164428711,13.243242263793945
1700957985834071000,5.863071044921875,3.8096864223480225,19.63350486755371,22.253496170043945
1700957985851061800,5.880061767578125,7.1055521965026855,16.674123764038086,32.35786056518555
1700957985868054000,5.897053955078125,8.752191543579102,15.18173885345459,33.555477142333984
1700957985885044000,5.9140439453125,0.1902468204498291,8.407207489013672,35.6893310546875
1700957985902030300,5.9310302734375,-3.9708211421966553,-2.266268253326416,31.671175003051758
1700957985919026000,5.94802587890625,0.14734768867492676,-11.906783103942871,21.284807205200195
1700957985936033300,5.965033203125,7.538715362548828,-19.693952560424805,11.66923713684082
1700957985953009200,5.982009033203125,11.964606285095215,-24.92568016052246,5.242292881011963
1700957985969998800,5.998998779296875,8.906009674072266,-28.465473175048828,2.424405097961426
1700957985986994200,6.015994140625,3.6773345470428467,-30.416309356689453,0.17854158580303192
1700957986003983600,6.032983642578125,0.41278529167175293,-30.77725601196289,-1.2898366451263428
1700957986020974000,6.04997412109375,-1.459984302520752,-29.859535217285156,-1.9299579858779907
1700957986037955800,6.066955810546875,-1.0004031658172607,-27.816646575927734,-2.1945319175720215
1700957986054956500,6.08395654296875,1.1516780853271484,-25.289337158203125,-2.3625998497009277
1700957986071944400,6.1009443359375,3.421670913696289,-23.05331802368164,-1.7141551971435547
1700957986088941000,6.117941162109375,4.330420017242432,-21.53515625,1.7481508255004883
1700957986105933600,6.13493359375,3.0455877780914307,-20.59769058227539,6.829833030700684
1700957986122921500,6.15192138671875,0.8514914512634277,-19.508352279663086,11.113454818725586
1700957986139913700,6.168913818359375,-1.1640777587890625,-17.98058319091797,12.568075180053711
1700957986156904000,6.185904052734375,-3.9610724449157715,-13.750982284545898,8.849401473999023
1700957986173896200,6.202896240234375,-9.153463363647461,-3.5877678394317627,10.732170104980469
1700957986190886400,6.219886474609375,-17.202070236206055,3.3518247604370117,35.28623580932617
1700957986207879000,6.23687890625,-13.143919944763184,6.760122776031494,58.976585388183594
1700957986224868900,6.253868896484375,6.200860023498535,12.338220596313477,53.44028091430664
1700957986241861400,6.270861328125,19.59810447692871,18.388731002807617,29.162708282470703
1700957986258851600,6.2878515625,14.976015090942383,16.397541046142578,13.480058670043945
1700957986275843800,6.30484375,4.746480464935303,12.262964248657227,3.791567802429199
1700957986292833800,6.321833740234375,-0.9696221351623535,10.880351066589355,-5.733049392700195
1700957986309815800,6.33881591796875,-3.031055450439453,10.862454414367676,-11.521281242370605
1700957986326816800,6.355816650390625,-1.3676929473876953,10.626220703125,-12.770768165588379
1700957986343808800,6.372808837890625,2.9715754985809326,10.915665626525879,-12.266199111938477
1700957986360799200,6.38979931640625,6.79559326171875,12.410944938659668,-11.057926177978516
1700957986377780700,6.40678076171875,7.7451276779174805,13.406453132629395,-10.061113357543945
1700957986394781400,6.423781494140625,5.252154350280762,13.929445266723633,-12.693230628967285
1700957986411763500,6.440763427734375,1.9406108856201172,14.404040336608887,-15.182994842529297
1700957986428755700,6.457755615234375,-0.07970547676086426,15.004032135009766,-12.14825439453125
1700957986445756400,6.47475634765625,-0.2933175563812256,14.896712303161621,-2.909611225128174
1700957986462746600,6.49174658203125,1.867781400680542,14.783138275146484,8.26540470123291
1700957986479739000,6.50873876953125,2.2853431701660156,16.0700740814209,15.483184814453125
1700957986496729000,6.52572900390625,5.646612167358398,20.384552001953125,17.448352813720703
1700957986513720000,6.542719970703125,8.000079154968262,19.770078659057617,24.084957122802734
1700957986530710300,6.559710205078125,6.779131889343262,16.772117614746094,29.989992141723633
1700957986547706600,6.57670654296875,2.2988128662109375,13.709783554077148,32.807884216308594
1700957986564694000,6.593694091796875,-2.97031307220459,4.216978073120117,35.31251907348633
1700957986581686500,6.6106865234375,-2.3935914039611816,-6.272564888000488,30.601808547973633
1700957986598676500,6.627676513671875,3.7250781059265137,-15.348634719848633,20.427677154541016
1700957986615669000,6.6446689453125,10.809964179992676,-21.463520050048828,11.32608413696289
1700957986632659200,6.6616591796875,11.480979919433594,-25.227338790893555,5.043304920196533
1700957986649654300,6.678654296875,5.226391792297363,-28.43856430053711,1.8547282218933105
1700957986666638800,6.695638916015625,-0.27101969718933105,-30.12841033935547,-1.2641546726226807
1700957986683634000,6.712634033203125,-0.8983290195465088,-30.763519287109375,-3.8390026092529297
1700957986700624000,6.729623779296875,0.42370104789733887,-30.908964157104492,-4.327190399169922
1700957986717614000,6.746614013671875,2.5161185264587402,-30.418148040771484,-2.5624520778656006
1700957986734602800,6.763602783203125,4.1752753257751465,-28.67652702331543,-0.3371472954750061
1700957986751600400,6.780600341796875,4.816422462463379,-25.556499481201172,0.7640441656112671
1700957986768592000,6.797591796875,3.6758289337158203,-23.445096969604492,3.6967482566833496
1700957986785581600,6.81458154296875,2.2362802028656006,-22.096248626708984,7.417171001434326
1700957986802571800,6.83157177734375,0.2684051990509033,-21.262075424194336,11.701190948486328
1700957986819564000,6.84856396484375,-3.6137962341308594,-19.631423950195312,15.599570274353027
1700957986836554200,6.86555419921875,-5.319422245025635,-8.740800857543945,12.659076690673828
1700957986853544000,6.8825439453125,-14.735074043273926,1.4934453964233398,28.898221969604492
1700957986870539300,6.899539306640625,-18.978065490722656,7.430253982543945,55.32139587402344
1700957986887528700,6.91652880859375,-3.1480679512023926,11.640081405639648,60.454322814941406
1700957986904519000,6.933518798828125,13.00216007232666,18.99032211303711,36.60573959350586
1700957986921500700,6.950500732421875,13.861568450927734,18.178428649902344,17.733760833740234
1700957986938501600,6.967501708984375,5.914943695068359,15.130403518676758,6.642557144165039
1700957986955490600,6.984490478515625,0.38037896156311035,13.405781745910645,-1.5214061737060547
1700957986972479500,7.0014794921875,-2.293677806854248,12.959330558776855,-6.504302501678467
1700957986989465900,7.0184658203125,-3.270845651626587,12.915132522583008,-7.953825950622559
1700957987006466800,7.035466796875,-0.865684986114502,12.693537712097168,-9.024927139282227
1700957987023459000,7.052458984375,3.8544888496398926,12.565598487854004,-11.021636009216309
1700957987040444200,7.069444091796875,6.702182292938232,12.463397979736328,-12.37471866607666
1700957987057432300,7.086432373046875,6.594517707824707,11.584373474121094,-13.27291488647461
1700957987074422000,7.103422119140625,4.023231029510498,10.631856918334961,-14.133440017700195
1700957987091415800,7.120415771484375,1.8129608631134033,10.103288650512695,-12.526004791259766
1700957987108403700,7.13740380859375,1.1284517049789429,10.142057418823242,-7.578834533691406
1700957987125396500,7.154396484375,2.0434741973876953,10.636987686157227,-0.715972900390625
1700957987142389500,7.171389404296875,4.574026107788086,11.796215057373047,5.606718063354492
1700957987159380500,7.18838037109375,3.8824777603149414,13.410247802734375,12.191520690917969
1700957987176369400,7.205369384765625,2.94010591506958,17.646345138549805,16.26224708557129
1700957987193361200,7.222361083984375,6.181149482727051,20.7956485748291,25.015888214111328
1700957987210358000,7.23935791015625,8.289888381958008,16.624313354492188,34.805084228515625
1700957987227353900,7.256353759765625,8.41560173034668,13.546995162963867,32.04218673706055
1700957987244344300,7.27334423828125,1.94082772731781,7.819653511047363,31.982677459716797
1700957987261336600,7.290336669921875,-3.5620980262756348,-1.7330217361450195,30.08724021911621
1700957987278326800,7.307326904296875,-3.6770570278167725,-11.122314453125,22.25667381286621
1700957987295317000,7.32431689453125,0.578331470489502,-17.90522003173828,13.054540634155273
1700957987312312000,7.34131201171875,6.205336570739746,-22.602569580078125,6.951642036437988
1700957987329301500,7.358301513671875,8.591072082519531,-26.6704158782959,3.4215240478515625
1700957987346291700,7.375291748046875,6.699456214904785,-29.84885597229004,0.5217595100402832
1700957987363284200,7.3922841796875,4.548430919647217,-31.035232543945312,-2.0693471431732178
1700957987380274400,7.4092744140625,2.974313735961914,-31.75617027282715,-1.4200444221496582
1700957987397266700,7.4262666015625,2.6532199382781982,-31.776851654052734,1.4166815280914307
1700957987414257200,7.443257080078125,3.5717217922210693,-30.054813385009766,2.6544992923736572
1700957987431249400,7.46024951171875,3.719862222671509,-27.742639541625977,3.5061583518981934
1700957987448239400,7.4772392578125,4.304566383361816,-26.112998962402344,4.650086402893066
1700957987465231600,7.494231689453125,5.043294906616211,-25.472015380859375,7.6048903465271
1700957987482220000,7.511219970703125,4.304269313812256,-25.236343383789062,13.675918579101562
1700957987499214300,7.52821435546875,1.5980048179626465,-23.601757049560547,19.9079532623291
1700957987516195000,7.545195068359375,0.010886669158935547,-17.46480369567871,17.277576446533203
1700957987533196800,7.56219677734375,-5.753219127655029,-5.695620536804199,12.701122283935547
1700957987550187300,7.579187255859375,-14.590932846069336,-0.7796382904052734,26.068172454833984
1700957987567179300,7.59617919921875,-13.16731071472168,-6.321557998657227,54.226741790771484
1700957987584169500,7.61316943359375,-5.515619277954102,-6.900785446166992,75.2515640258789
1700957987601161700,7.63016162109375,4.963933944702148,7.932646751403809,56.36255645751953
1700957987618152000,7.64715185546875,20.6164608001709,17.883323669433594,22.925567626953125
1700957987635144400,7.66414453125,10.644161224365234,14.668988227844238,8.449127197265625
1700957987652132400,7.68113232421875,-1.2417411804199219,12.792046546936035,3.232020378112793
1700957987669123300,7.698123291015625,-7.329720497131348,14.159600257873535,-2.7381558418273926
1700957987686119700,7.71511962890625,-8.012929916381836,14.876548767089844,-4.691129684448242
1700957987703107000,7.732107177734375,-1.9480669498443604,14.508663177490234,-4.313539028167725
1700957987720099800,7.749099853515625,5.035302639007568,15.658117294311523,-6.094221115112305
1700957987737091800,7.766091796875,6.568057537078857,17.41704559326172,-7.466975688934326
1700957987754091300,7.78309130859375,1.968308925628662,17.15950584411621,-9.786510467529297
1700957987771071200,7.8000712890625,-3.8040993213653564,16.428457260131836,-9.859397888183594
1700957987788065000,7.81706494140625,-7.252552032470703,15.050199508666992,-7.942808628082275
1700957987805057000,7.83405712890625,-5.6819257736206055,13.527021408081055,-4.96484899520874
1700957987822043000,7.85104296875,-1.4612717628479004,11.762510299682617,-0.19596195220947266
1700957987839041800,7.868041748046875,3.4542994499206543,10.392854690551758,4.245121002197266
1700957987856031500,7.885031494140625,6.4655914306640625,10.633397102355957,8.02635669708252
1700957987873022200,7.902022216796875,5.7578325271606445,13.575664520263672,14.407785415649414
1700957987890010600,7.9190107421875,4.593804359436035,15.220909118652344,27.719127655029297
1700957987907006200,7.936006103515625,5.324779510498047,11.011013984680176,37.809226989746094
1700957987923995100,7.9529951171875,7.495271682739258,8.94238567352295,35.36682891845703
1700957987940983800,7.96998388671875,2.608154058456421,3.9481401443481445,35.1866455078125
1700957987957981000,7.98698095703125,-1.555903673171997,-5.021398544311523,34.31568145751953
1700957987974969600,8.003969482421875,2.357236385345459,-14.396646499633789,24.90264129638672
1700957987991963100,8.020963134765625,9.049888610839844,-20.879802703857422,14.049180030822754
1700957988008948700,8.03794873046875,12.693634986877441,-25.33574676513672,6.084685325622559
1700957988025932500,8.0549326171875,9.828300476074219,-27.997529983520508,-0.12129426002502441
1700957988042933200,8.071933349609376,3.6332685947418213,-29.300575256347656,-4.769253253936768
1700957988059926500,8.088926513671876,0.9674017429351807,-29.84262466430664,-7.7620391845703125
1700957988076917500,8.10591748046875,1.4807367324829102,-29.500335693359375,-9.223081588745117
1700957988093907500,8.122907470703124,3.8731372356414795,-28.892074584960938,-8.039029121398926
1700957988110899700,8.139899658203126,3.8714771270751953,-27.835512161254883,-3.421107769012451
1700957988127890000,8.156889892578125,3.579801082611084,-25.37897491455078,-0.29581141471862793
1700957988144870400,8.173870361328126,4.017535209655762,-22.438045501708984,0.8968701362609863
1700957988161869600,8.19086962890625,4.367094993591309,-20.380765914916992,1.7812843322753906
1700957988178854400,8.2078544921875,2.7508859634399414,-19.39681625366211,5.626166343688965
1700957988195855600,8.224855712890625,-2.000781536102295,-18.899757385253906,11.448616981506348
1700957988212847600,8.24184765625,-6.282158374786377,-16.215871810913086,15.015115737915039
1700957988229819000,8.25881884765625,-5.181107521057129,-7.380373954772949,18.164358139038086
1700957988246830000,8.275830078125,-7.001706123352051,1.2782368659973145,33.462677001953125
1700957988263820000,8.292820068359376,-8.166015625,4.134690284729004,53.08073806762695
1700957988280812300,8.309812255859375,1.5829553604125977,8.822383880615234,46.94358825683594
1700957988297792300,8.326792236328124,9.503395080566406,13.720536231994629,29.312244415283203
1700957988314795300,8.343795166015624,6.497376441955566,13.849101066589355,17.524017333984375
1700957988331786000,8.360785888671876,1.2508201599121094,12.653522491455078,8.761225700378418
1700957988348777200,8.377777099609375,-0.21235322952270508,11.89015007019043,0.8975391387939453
1700957988365767700,8.394767578125,0.3887166976928711,11.607954025268555,-4.0009026527404785
1700957988382749400,8.41174951171875,2.2090039253234863,11.838382720947266,-5.902680397033691
1700957988399750100,8.428750244140625,4.49292516708374,12.466533660888672,-6.004558563232422
1700957988416741600,8.44574169921875,6.11912727355957,13.02108383178711,-5.150436878204346
1700957988433734000,8.46273388671875,6.358878135681152,13.005242347717285,-5.978924751281738
1700957988450710000,8.4797099609375,5.212000846862793,12.787803649902344,-9.607209205627441
1700957988467715600,8.496715576171875,3.1232619285583496,12.73889446258545,-13.71318244934082
1700957988484707600,8.51370751953125,1.6639585494995117,12.49361515045166,-14.168367385864258
1700957988501698000,8.530697998046875,1.3984732627868652,11.783638000488281,-9.596728324890137
1700957988518690300,8.547690185546875,3.009211778640747,10.197036743164062,-2.9982657432556152
1700957988535680500,8.564680419921874,4.8260698318481445,9.381278991699219,2.058361053466797
1700957988552673000,8.581673095703126,4.805736541748047,9.431144714355469,5.970323085784912
1700957988569660700,8.59866064453125,2.0984954833984375,12.092856407165527,9.71319580078125
1700957988586657800,8.61565771484375,4.0908331871032715,17.712411880493164,15.112282752990723
1700957988603645400,8.6326455078125,8.071123123168945,17.388612747192383,27.68523406982422
1700957988620638200,8.64963818359375,9.750154495239258,14.082816123962402,31.810054779052734
1700957988637619200,8.666619140625,4.588663578033447,11.453009605407715,31.221532821655273
1700957988654623000,8.683623046875,-4.200334548950195,3.9447927474975586,33.31198501586914
1700957988671610600,8.700610595703125,-4.940130710601807,-7.29609489440918,29.368104934692383
1700957988688603100,8.71760302734375,2.9635937213897705,-16.695297241210938,17.91869354248047
1700957988705593300,8.73459326171875,11.749568939208984,-22.202259063720703,8.365705490112305
1700957988722583000,8.7515830078125,12.825937271118164,-25.727359771728516,3.6141653060913086
1700957988739578600,8.76857861328125,6.640412330627441,-28.520599365234375,0.6805192828178406
1700957988756568000,8.785568115234375,0.42867350578308105,-29.271085739135742,-3.0023295879364014
1700957988773556000,8.802555908203125,-1.7658894062042236,-28.596147537231445,-4.743660926818848
1700957988790553000,8.819552978515626,-0.620445966720581,-27.693336486816406,-3.846085786819458
1700957988807540700,8.836540771484374,1.7759218215942383,-27.15995979309082,0.033551037311553955
1700957988824533000,8.853532958984376,4.439802169799805,-25.781246185302734,2.457613706588745
1700957988841523500,8.8705234375,5.0297746658325195,-23.29628562927246,2.673144578933716
1700957988858515700,8.887515625,2.7169785499572754,-21.115699768066406,3.1949539184570312
1700957988875493000,8.9044931640625,0.7725377082824707,-19.974822998046875,5.509098052978516
1700957988892487700,8.92148779296875,-1.718635082244873,-19.670269012451172,10.071146011352539
1700957988909478100,8.93847802734375,-5.714276313781738,-17.806072235107422,12.302350997924805
1700957988926478000,8.95547802734375,-8.913710594177246,-9.0089111328125,11.379596710205078
1700957988943466800,8.972466796875,-15.151832580566406,1.3008241653442383,24.6497802734375
1700957988960459300,8.989459228515624,-19.055377960205078,6.666434288024902,54.24273681640625
1700957988977442600,9.006442626953126,-6.13150691986084,9.003937721252441,62.412506103515625
1700957988994441000,9.02344091796875,12.563370704650879,15.500385284423828,38.38933563232422
1700957989011433200,9.04043310546875,17.81658172607422,15.273719787597656,17.298236846923828
1700957989028425000,9.057425048828126,10.414717674255371,12.556865692138672,6.764688491821289
1700957989045408800,9.07440869140625,3.5850162506103516,11.081720352172852,0.2549161911010742
1700957989062408700,9.09140869140625,-0.19082403182983398,10.548683166503906,-4.73466682434082
1700957989079400000,9.10839990234375,-0.8569116592407227,11.421460151672363,-8.23359489440918
1700957989096385800,9.1253857421875,1.183481216430664,11.91794490814209,-9.126399993896484
1700957989113371600,9.14237158203125,5.565755844116211,11.923489570617676,-9.243467330932617
1700957989130375400,9.15937548828125,10.25377368927002,12.142195701599121,-9.534000396728516
1700957989147368700,9.17636865234375,11.181770324707031,11.980074882507324,-10.565634727478027
1700957989164358700,9.193358642578126,7.193976402282715,11.264449119567871,-11.736371994018555
1700957989181338400,9.21033837890625,1.8550704717636108,11.441339492797852,-12.887487411499023
1700957989198336000,9.2273359375,-0.6924023628234863,11.985357284545898,-11.484790802001953
1700957989215331800,9.244331787109376,-0.36121296882629395,11.102396011352539,-4.222066402435303
1700957989232321300,9.2613212890625,2.2879817485809326,10.774620056152344,3.9735965728759766
1700957989249316600,9.278316650390625,2.2005321979522705,12.210733413696289,9.545251846313477
1700957989266306300,9.295306396484374,2.1081814765930176,14.5279541015625,13.508369445800781
1700957989283296500,9.312296630859375,5.677117347717285,17.88054656982422,17.978206634521484
1700957989300286500,9.329286376953124,5.841464042663574,14.347679138183594,26.549100875854492
1700957989317281800,9.34628173828125,4.760836601257324,12.33246898651123,25.944602966308594
1700957989334273000,9.36327294921875,-1.3115489482879639,9.037749290466309,25.371456146240234
1700957989351262200,9.38026220703125,-4.843393325805664,1.4757881164550781,26.948959350585938
1700957989368253700,9.397253662109375,0.4589049816131592,-9.349860191345215,22.636520385742188
1700957989385244400,9.414244384765626,11.73598861694336,-17.28048324584961,12.664101600646973
1700957989402237000,9.43123681640625,17.102340698242188,-21.708765029907227,4.880476951599121
1700957989419227000,9.448226806640625,11.272924423217773,-24.32518768310547,0.872585654258728
1700957989436222500,9.465222412109375,3.3315048217773438,-25.232637405395508,-1.061575174331665
1700957989453209600,9.482209716796875,-0.8717100620269775,-25.11071014404297,-1.078385829925537
1700957989470201600,9.49920166015625,-1.2017230987548828,-24.934276580810547,1.3431035280227661
1700957989487181600,9.516181640625,1.3162510395050049,-24.14926528930664,2.7875895500183105
1700957989504188200,9.533188232421875,4.377322196960449,-22.93708610534668,2.359220027923584
1700957989521176600,9.550176513671875,6.108644485473633,-21.534820556640625,1.5052433013916016
1700957989538167300,9.567167236328125,5.222817420959473,-20.216585159301758,1.592210292816162
1700957989555146500,9.584146484375,3.1553120613098145,-19.28914451599121,3.0151445865631104
1700957989572146700,9.601146728515625,0.44562530517578125,-18.87940216064453,8.540160179138184
1700957989589142500,9.618142578125,-2.2662901878356934,-18.015064239501953,12.692208290100098
1700957989606130000,9.6351298828125,-3.840970039367676,-15.706245422363281,11.391456604003906
1700957989623123200,9.652123291015625,-3.9083919525146484,-6.3575053215026855,7.637197971343994
1700957989640114700,9.66911474609375,-9.899864196777344,2.6064963340759277,23.781152725219727
1700957989657105000,9.68610498046875,-12.92758560180664,8.35908317565918,52.09130859375
1700957989674097000,9.703096923828125,-2.6549558639526367,12.915475845336914,54.31608581542969
1700957989691086600,9.720086669921875,9.293680191040039,17.86054039001465,30.012470245361328
1700957989708080000,9.737080078125,10.767029762268066,16.91103172302246,13.288987159729004
1700957989725069800,9.75406982421875,5.618121147155762,13.71298885345459,5.99173641204834
1700957989742062300,9.771062255859375,2.0520095825195312,11.373794555664062,-0.7846512794494629
1700957989759050000,9.788050048828126,0.022417545318603516,10.859832763671875,-6.666940689086914
1700957989776036900,9.805036865234374,-0.06924819946289062,11.533456802368164,-8.06444263458252
1700957989793035300,9.82203515625,2.311483383178711,12.608099937438965,-8.937539100646973
1700957989810027300,9.83902734375,4.3613409996032715,14.089231491088867,-9.13585376739502
1700957989827017500,9.856017578125,3.624659299850464,14.247894287109375,-8.551658630371094
1700957989844010000,9.873010009765625,2.1049551963806152,13.212225914001465,-8.971991539001465
1700957989861000000,9.89,1.5185097455978394,11.646145820617676,-10.925468444824219
1700957989877993000,9.906992919921874,2.523257255554199,10.366194725036621,-11.306121826171875
1700957989894986200,9.923986328125,3.880601406097412,9.799398422241211,-7.755710124969482
1700957989911975200,9.94097509765625,3.492528200149536,9.636751174926758,-1.6878948211669922
1700957989928965000,9.957965087890624,3.048598527908325,10.018742561340332,4.66741943359375
1700957989945958000,9.9749580078125,2.169877529144287,10.428631782531738,10.72204875946045
1700957989962937300,9.991937255859375,1.4459044933319092,11.022733688354492,13.649412155151367
1700957989979940000,10.008940185546875,5.859723091125488,14.968053817749023,13.64133071899414
1700957989996930800,10.025930908203126,7.533405303955078,13.247034072875977,23.186132431030273
1700957990013912300,10.042912353515625,7.471127510070801,11.083380699157715,28.290754318237305
1700957990030913000,10.0599130859375,2.97265625,6.775132179260254,29.559934616088867
1700957990047905300,10.0769052734375,-0.740281343460083,-0.9998679161071777,27.2252197265625
1700957990064895700,10.093895751953125,1.0842921733856201,-8.403968811035156,19.353748321533203
1700957990081888000,10.110887939453125,4.892444610595703,-14.169965744018555,10.567934036254883
1700957990098877400,10.12787744140625,8.118420600891113,-17.69975471496582,4.413590431213379
1700957990115871200,10.144871337890624,8.560181617736816,-19.666873931884766,1.5422710180282593
1700957990132860400,10.1618603515625,5.435577392578125,-21.190921783447266,0.8153634071350098
1700957990149853200,10.178853271484375,1.9365990161895752,-21.73688507080078,0.9685889482498169
1700957990166844400,10.195844482421874,-0.21550297737121582,-21.58464813232422,1.5622906684875488
1700957990183834600,10.212834716796875,-0.6626882553100586,-20.771930694580078,1.1092987060546875
1700957990200815400,10.2298154296875,0.44623565673828125,-20.023881912231445,-0.3860955238342285
1700957990217807600,10.2468076171875,2.046501398086548,-18.952951431274414,-2.627772569656372
1700957990234808300,10.263808349609375,2.4957051277160645,-18.135623931884766,-4.005380630493164
1700957990251798300,10.28079833984375,1.7405351400375366,-17.646621704101562,-3.5878329277038574
1700957990268793600,10.297793701171875,0.14439725875854492,-17.555126190185547,-0.28822898864746094
1700957990285783300,10.314783203125,-1.7820069789886475,-17.766761779785156,4.144702911376953
1700957990302773500,10.3317734375,-2.1953680515289307,-17.748870849609375,7.861311912536621
1700957990319766000,10.34876611328125,-1.3393709659576416,-16.211624145507812,8.454130172729492
1700957990336756200,10.365756103515626,-1.3962616920471191,-7.832766532897949,3.3437304496765137
1700957990353753000,10.382753173828124,-9.884631156921387,1.6720242500305176,13.73141860961914
1700957990370738700,10.39973876953125,-15.499359130859375,7.747858047485352,41.57510757446289
1700957990387730200,10.416730224609376,-5.878946304321289,9.575918197631836,58.17225646972656
1700957990404722200,10.43372216796875,7.80507755279541,15.486370086669922,42.03500747680664
1700957990421713700,10.450713623046875,14.049247741699219,15.39717960357666,21.012428283691406
1700957990438703900,10.467703857421874,9.763126373291016,11.12315559387207,7.69036865234375
1700957990455696100,10.484696044921876,4.687112331390381,8.341583251953125,-1.4728598594665527
1700957990472686300,10.501686279296875,1.8557641506195068,7.340105056762695,-7.169094085693359
1700957990489678800,10.518678955078125,1.4665212631225586,6.433485984802246,-9.307663917541504
1700957990506669000,10.5356689453125,3.7213644981384277,6.617851257324219,-11.245819091796875
1700957990523648500,10.5526484375,6.93752384185791,8.033472061157227,-12.890348434448242
1700957990540643800,10.569643798828125,9.384906768798828,9.708864212036133,-12.551257133483887
1700957990557632500,10.586632568359375,9.379597663879395,10.696889877319336,-11.036844253540039
1700957990574631000,10.603630859375,7.56899356842041,10.749391555786133,-10.47203254699707
1700957990591617000,10.620616943359375,4.336906433105469,10.259162902832031,-11.194664001464844
1700957990608606700,10.637606689453126,2.07112455368042,9.67772388458252,-11.340912818908691
1700957990625608700,10.654608642578125,0.924180269241333,8.513975143432617,-9.044137954711914
1700957990642588000,10.671587890625,1.8419005870819092,7.69316291809082,-5.484189033508301
1700957990659583000,10.6885830078125,4.010102272033691,9.022064208984375,0.42874813079833984
1700957990676573000,10.705572998046875,6.593997001647949,14.582040786743164,9.717952728271484
1700957990693565000,10.72256494140625,10.407575607299805,18.858539581298828,21.835792541503906
1700957990710567000,10.73956689453125,11.609186172485352,18.244308471679688,27.868022918701172
1700957990727556600,10.756556640625,9.095280647277832,17.594823837280273,29.282794952392578
1700957990744547300,10.77354736328125,0.8954112529754639,11.890077590942383,32.56296157836914
1700957990761539300,10.790539306640625,-2.366088628768921,0.04490947723388672,32.53716278076172
1700957990778529800,10.80752978515625,3.1360702514648438,-9.610197067260742,22.928756713867188
1700957990795513300,10.824513427734376,8.985488891601562,-16.01901626586914,12.96755599975586
1700957990812512300,10.84151220703125,10.19816780090332,-20.471193313598633,7.212164878845215
1700957990829504500,10.85850439453125,6.707528114318848,-22.917713165283203,3.6503071784973145
1700957990846494700,10.87549462890625,2.2720065116882324,-24.01220703125,0.653266429901123
1700957990863487000,10.892487060546875,0.0721747875213623,-24.13678550720215,-2.3816587924957275
1700957990880477400,10.9094775390625,-1.1261622905731201,-24.328170776367188,-4.567293167114258
1700957990897469700,10.9264697265625,-0.18010497093200684,-23.510875701904297,-5.346436500549316
1700957990914458000,10.9434580078125,0.7270011901855469,-22.120094299316406,-5.1287841796875
1700957990931452000,10.960451904296875,2.1508002281188965,-20.00662612915039,-4.447464942932129
1700957990948445200,10.977445068359375,2.090754508972168,-18.31879425048828,-1.9638824462890625
1700957990965435100,10.99443505859375,0.8341481685638428,-17.006519317626953,2.30825138092041
1700957990982425000,11.011425048828125,-0.9467875957489014,-15.431207656860352,4.893459796905518
1700957990999414800,11.028414794921876,-3.128561019897461,-13.960606575012207,7.135061740875244
1700957991016400100,11.045400146484376,-3.5845961570739746,-12.979564666748047,9.682931900024414
1700957991033397800,11.062397705078125,-4.506568908691406,-11.148896217346191,9.891817092895508
1700957991050390300,11.079390380859374,-5.861424446105957,-4.017274379730225,7.223726272583008
1700957991067385300,11.09638525390625,-8.93356704711914,3.9904861450195312,17.45507049560547
1700957991084373000,11.113373046875,-9.298552513122559,8.302726745605469,41.22004318237305
1700957991101365200,11.130365234375,2.827620029449463,10.085310935974121,49.576934814453125
1700957991118345200,11.14734521484375,17.10833740234375,13.579060554504395,31.416339874267578
1700957991135348000,11.164347900390625,20.797306060791016,14.185383796691895,13.031481742858887
1700957991152338200,11.181338134765625,10.927886962890625,11.912071228027344,4.637669563293457
1700957991169330700,11.19833056640625,-0.43053340911865234,10.490546226501465,-0.19156265258789062
1700957991186320600,11.215320556640625,-4.550355911254883,10.339858055114746,-6.225566387176514
1700957991203326500,11.232326416015624,-0.9216306209564209,10.251662254333496,-10.316413879394531
1700957991220303400,11.249303466796874,5.928782939910889,10.490812301635742,-12.223716735839844
1700957991237295600,11.266295654296876,10.051175117492676,11.606231689453125,-12.401738166809082
1700957991254285800,11.283285888671875,7.892685413360596,11.681795120239258,-11.386234283447266
1700957991271278300,11.3002783203125,1.1247944831848145,11.136228561401367,-11.081811904907227
1700957991288268300,11.317268310546876,-5.06704044342041,10.492157936096191,-13.288866996765137
1700957991305260800,11.3342607421875,-6.8003034591674805,9.871221542358398,-14.384072303771973
1700957991322251000,11.3512509765625,-3.1203696727752686,8.17660903930664,-11.197200775146484
1700957991339243500,11.368243408203124,2.321908473968506,6.372082710266113,-5.890015602111816
1700957991356222700,11.38522265625,7.61707067489624,5.96174955368042,0.3607625961303711
1700957991373226200,11.402226318359375,6.594903945922852,8.719983100891113,4.454666614532471
1700957991390205700,11.419205810546876,3.816277265548706,15.12424087524414,9.026117324829102
1700957991407208400,11.43620849609375,4.8332672119140625,20.709875106811523,18.445785522460938
1700957991424188400,11.4531884765625,8.404424667358398,21.22381591796875,27.677749633789062
1700957991441191200,11.470191162109375,11.01367473602295,19.714447021484375,31.59366226196289
1700957991458177300,11.48717724609375,8.784164428710938,12.800725936889648,34.33626937866211
1700957991475177700,11.504177734375,7.208899974822998,1.6991519927978516,33.131011962890625
1700957991492161300,11.521161376953126,7.825047492980957,-7.22745418548584,24.633991241455078
1700957991509159000,11.538158935546875,6.556545257568359,-13.446516990661621,15.94342041015625
1700957991526146600,11.555146484375,3.6616179943084717,-17.883983612060547,9.777387619018555
1700957991543139000,11.57213916015625,0.43628716468811035,-20.74531364440918,5.325205326080322
1700957991560129300,11.58912939453125,-1.6324656009674072,-22.29630470275879,1.4752933979034424
1700957991577111000,11.606111083984375,-1.7890708446502686,-23.033063888549805,-0.14083772897720337
1700957991594112000,11.623112060546875,-1.3147320747375488,-23.784034729003906,2.0454890727996826
1700957991611104300,11.640104248046875,0.17682647705078125,-23.46843147277832,3.724648952484131
1700957991628094500,11.657094482421876,1.669281005859375,-22.70539665222168,1.5402740240097046
1700957991645086500,11.67408642578125,3.0109472274780273,-21.577375411987305,-2.3069658279418945
1700957991662077400,11.691077392578125,1.417607307434082,-20.139080047607422,-2.7908589839935303
1700957991679067000,11.70806689453125,-1.1155028343200684,-18.788795471191406,1.2725157737731934
1700957991696051500,11.725051513671875,-0.9444780349731445,-17.683048248291016,6.304948806762695
1700957991713049600,11.742049560546874,1.6003074645996094,-16.655040740966797,9.956417083740234
1700957991730045000,11.759044921875,2.2799715995788574,-15.508092880249023,10.792530059814453
1700957991747034600,11.77603466796875,-0.18769264221191406,-12.455881118774414,7.74782657623291
1700957991764024600,11.793024658203125,-5.9643330574035645,-1.2956581115722656,5.517176628112793
1700957991781006800,11.8100068359375,-12.852838516235352,7.544811248779297,23.1898136138916
1700957991798007300,11.82700732421875,-10.442056655883789,15.155587196350098,45.125423431396484
1700957991815000000,11.844,2.7608771324157715,19.000890731811523,43.29566192626953
1700957991831986200,11.860986083984375,17.098968505859375,19.83783721923828,22.527332305908203
1700957991848986400,11.877986328125,17.907089233398438,16.36070442199707,6.283970355987549
1700957991865972700,11.89497265625,8.065879821777344,11.289249420166016,0.16207265853881836
1700957991882955300,11.911955322265625,-2.804474353790283,8.431318283081055,3.975531578063965
1700957991899955200,11.928955078125,-3.6625189781188965,7.8703837394714355,-1.3382482528686523
1700957991916947700,11.94594775390625,3.2000162601470947,7.024112224578857,-8.323014259338379
1700957991933927200,11.96292724609375,6.771356582641602,6.701615333557129,-11.934947967529297
1700957991950925800,11.97992578125,7.9739789962768555,7.41004753112793,-13.180145263671875
1700957991967924500,11.996924560546875,7.460088729858398,8.22754192352295,-10.252716064453125
1700957991984913000,12.013912841796875,4.693653106689453,8.896812438964844,-9.587905883789062
1700957992001903000,12.030903076171874,2.4055614471435547,9.674566268920898,-11.899690628051758
1700957992018884600,12.047884521484375,1.0492420196533203,10.28211498260498,-11.812931060791016
1700957992035885600,12.064885498046875,0.40183401107788086,11.258773803710938,-8.719715118408203
1700957992052878000,12.081878173828125,1.7008800506591797,12.297657012939453,-2.2026758193969727
1700957992069868300,12.098868408203124,3.8224072456359863,12.967782974243164,7.392060279846191
1700957992086854000,12.11585400390625,6.189979076385498,13.895528793334961,11.698472023010254
1700957992103851000,12.13285107421875,9.669754981994629,15.235992431640625,14.66975212097168
1700957992120843300,12.14984326171875,10.19942855834961,14.875999450683594,20.3830623626709
1700957992137823200,12.1668232421875,6.830600261688232,12.004459381103516,25.903228759765625
1700957992154826000,12.183825927734375,2.016406774520874,8.39511489868164,28.340835571289062
1700957992171803000,12.200802978515625,-0.6390924453735352,2.0307388305664062,30.165870666503906
1700957992188810800,12.217810791015625,1.102375864982605,-6.365997314453125,26.131746292114258
1700957992205798700,12.234798583984375,6.2779998779296875,-11.669578552246094,15.718215942382812
1700957992222791200,12.251791259765625,8.783344268798828,-15.883556365966797,7.753439903259277
1700957992239781000,12.268781005859376,7.154211521148682,-18.972095489501953,2.7018566131591797
1700957992256773600,12.285773681640626,2.5104639530181885,-21.124736785888672,0.017244696617126465
1700957992273763800,12.302763916015625,-0.509152889251709,-21.88934326171875,-2.1316566467285156
1700957992290756000,12.319756103515624,-0.09900808334350586,-22.238304138183594,-4.001708030700684
1700957992307735800,12.33673583984375,3.1873247623443604,-22.733667373657227,-4.3763628005981445
1700957992324738800,12.35373876953125,5.599066257476807,-22.924556732177734,-3.690491199493408
1700957992341729000,12.37072900390625,5.715420722961426,-22.299402236938477,-1.719557285308838
1700957992358721300,12.38772119140625,4.50722599029541,-20.475814819335938,-1.4815025329589844
1700957992375711700,12.404711669921875,3.0281219482421875,-18.864269256591797,-1.234299659729004
1700957992392691200,12.421691162109376,2.163663387298584,-17.96550178527832,1.7229030132293701
1700957992409684700,12.438684814453126,0.9220967292785645,-17.036943435668945,6.829545497894287
1700957992426688800,12.455688720703124,-1.2106561660766602,-14.930763244628906,11.356715202331543
1700957992443671800,12.472671875,-1.6026253700256348,-10.420448303222656,8.808347702026367
1700957992460666400,12.489666259765626,-4.251220703125,-0.7984232902526855,5.633435249328613
1700957992477643000,12.50664306640625,-10.688125610351562,5.256965160369873,17.94371795654297
1700957992494650400,12.523650390625,-7.366276741027832,7.954179286956787,41.15509796142578
1700957992511637200,12.54063720703125,3.508488655090332,11.49001693725586,44.556236267089844
1700957992528634000,12.557634033203126,12.732461929321289,14.863003730773926,27.927762985229492
1700957992545615400,12.574615478515625,11.351999282836914,14.245399475097656,11.639778137207031
1700957992562605300,12.591605224609374,3.599424362182617,11.336036682128906,4.020087242126465
1700957992579601700,12.6086015625,-1.6136903762817383,8.59144401550293,-0.7832736968994141
1700957992596591900,12.625591796875,-2.126589298248291,7.004112243652344,-5.764801979064941
1700957992613587500,12.64258740234375,-0.3002779483795166,6.473881721496582,-7.809588432312012
1700957992630585000,12.659585205078125,2.37485408782959,6.916693687438965,-8.29771900177002
1700957992647572500,12.676572509765625,5.454318523406982,8.034077644348145,-7.720651149749756
1700957992664564700,12.693564697265625,7.053186416625977,8.681209564208984,-6.922067642211914
1700957992681555200,12.71055517578125,5.766880989074707,8.343955039978027,-8.335448265075684
1700957992698547500,12.72754736328125,2.757991313934326,7.733949661254883,-11.091156005859375
1700957992715527700,12.744527587890625,0.5408093929290771,7.655778884887695,-12.721424102783203
1700957992732530200,12.7615302734375,-0.8306779861450195,8.317760467529297,-10.897845268249512
1700957992749520100,12.77852001953125,-0.8717124462127686,9.304269790649414,-5.034947395324707
1700957992766512600,12.7955126953125,1.560957670211792,9.920455932617188,2.387216567993164
1700957992783492400,12.812492431640624,5.0196967124938965,12.555838584899902,6.789029121398926
1700957992800482800,12.82948291015625,9.651050567626953,16.571895599365234,11.04864501953125
1700957992817488100,12.846488037109374,10.735706329345703,17.972192764282227,17.503801345825195
1700957992834478000,12.86347802734375,9.405380249023438,16.594018936157227,23.243152618408203
1700957992851468300,12.88046826171875,5.2604827880859375,15.077374458312988,27.17486572265625
1700957992868460500,12.89746044921875,-1.8853445053100586,9.550849914550781,33.11054992675781
1700957992885451000,12.914450927734375,-4.221037864685059,-0.4665870666503906,31.21063804626465
1700957992902443000,12.931443115234375,2.2763943672180176,-9.058464050292969,19.542049407958984
1700957992919433500,12.94843359375,8.759683609008789,-15.049397468566895,9.672359466552734
1700957992936415200,12.965415283203125,9.95533561706543,-19.193857192993164,4.182713508605957
1700957992953414700,12.98241455078125,6.671958923339844,-21.845705032348633,1.6326773166656494
1700957992970409700,12.99940966796875,3.346436023712158,-23.31014633178711,-0.4224279522895813
1700957992987397400,13.0163974609375,0.8963508605957031,-23.993261337280273,0.0628737211227417
1700957993004392400,13.033392333984375,-0.23514842987060547,-23.936141967773438,0.7755954265594482
1700957993021381400,13.05038134765625,1.1734740734100342,-23.218994140625,0.18749964237213135
1700957993038373600,13.06737353515625,1.843806266784668,-22.316905975341797,-1.3386425971984863
1700957993055364000,13.084364013671875,2.8835039138793945,-20.774494171142578,-2.453789710998535
1700957993072356400,13.1013564453125,2.9947350025177,-18.82642364501953,-2.2443253993988037
1700957993089335800,13.118335693359375,2.5882725715637207,-16.878379821777344,0.07609915733337402
1700957993106338800,13.1353388671875,1.4213612079620361,-15.228618621826172,7.30739688873291
1700957993123329300,13.152329345703125,1.6785452365875244,-13.257205963134766,13.289365768432617
1700957993140319700,13.16931982421875,2.278726816177368,-10.034777641296387,13.324109077453613
1700957993157313800,13.186313720703126,0.09222269058227539,-5.168173313140869,8.15432071685791
1700957993174312400,13.2033125,-5.3661417961120605,2.4409499168395996,8.39346694946289
1700957993191294200,13.220294189453124,-7.62064790725708,6.36728572845459,26.056842803955078
1700957993208286700,13.23728662109375,-1.6335358619689941,9.890087127685547,45.02365493774414
1700957993225263400,13.254263427734376,6.73552942276001,14.201387405395508,38.15576171875
1700957993242267000,13.271266845703124,10.762742042541504,16.545730590820312,20.90650749206543
1700957993259262200,13.28826220703125,7.746278762817383,14.342918395996094,10.094139099121094
1700957993276241400,13.305241455078125,1.3585467338562012,10.945819854736328,3.561093330383301
1700957993293232600,13.322232666015625,-3.474061965942383,8.912875175476074,-4.122581481933594
1700957993310234400,13.339234375,-3.94113826751709,8.19343376159668,-8.41259765625
1700957993327225000,13.35622509765625,-0.9739117622375488,8.811700820922852,-9.586355209350586
1700957993344217300,13.37321728515625,3.5042543411254883,10.328262329101562,-9.407234191894531
1700957993361207600,13.39020751953125,6.562122344970703,12.062932968139648,-9.370462417602539
1700957993378199600,13.407199462890626,4.775938510894775,12.45743465423584,-10.333564758300781
1700957993395187500,13.4241875,1.0963339805603027,11.522993087768555,-12.182552337646484
1700957993412182800,13.441182861328125,-0.8560500144958496,10.895465850830078,-13.656784057617188
1700957993429175000,13.458175048828124,0.05796098709106445,10.509156227111816,-10.728706359863281
1700957993446165000,13.4751650390625,2.8563661575317383,9.679609298706055,-4.765298843383789
1700957993463155200,13.4921552734375,6.234200954437256,9.27928352355957,1.0008955001831055
1700957993480147700,13.509147705078124,6.185710906982422,9.319639205932617,5.9998393058776855
1700957993497138000,13.526137939453125,4.279042720794678,10.354033470153809,8.082412719726562
1700957993514130400,13.54313037109375,5.004596710205078,13.970211029052734,9.356590270996094
1700957993531120400,13.560120361328124,6.834151268005371,15.861852645874023,16.316036224365234
1700957993548113000,13.57711279296875,8.326996803283691,14.45292854309082,23.971784591674805
1700957993565103400,13.594103271484375,5.384035110473633,13.487154006958008,27.485187530517578
1700957993582096000,13.611095947265625,-3.04245924949646,9.680045127868652,30.913503646850586
1700957993599075000,13.628074951171875,-7.588302135467529,0.9444971084594727,30.308189392089844
1700957993616089300,13.64508935546875,-2.655792236328125,-6.964680194854736,20.6191463470459
1700957993633068300,13.662068359375,4.495361328125,-12.663198471069336,11.369551658630371
1700957993650060800,13.679060791015624,9.745162010192871,-15.995895385742188,5.5901336669921875
1700957993667051300,13.69605126953125,10.023507118225098,-17.943252563476562,3.232398271560669
1700957993684043500,13.71304345703125,6.152925968170166,-19.38815689086914,3.349310874938965
1700957993701023700,13.730023681640626,2.6841108798980713,-20.373130798339844,3.191861152648926
1700957993718026000,13.74702587890625,1.5832877159118652,-21.258752822875977,2.1083922386169434
1700957993735016400,13.764016357421875,3.067348003387451,-21.6115665435791,0.5469293594360352
1700957993752011000,13.781010986328125,5.14835786819458,-21.655715942382812,-0.1750192642211914
1700957993768996600,13.79799658203125,6.5757246017456055,-21.48492431640625,-0.3329220116138458
1700957993785991400,13.814991455078125,6.99766731262207,-20.663166046142578,-0.22963964939117432
1700957993802981600,13.831981689453125,6.3253607749938965,-19.639148712158203,1.2736798524856567
1700957993819974000,13.848973876953124,4.791136741638184,-18.897483825683594,5.228039264678955
1700957993836953600,13.86595361328125,2.4324817657470703,-18.00908660888672,10.25758171081543
1700957993853956400,13.882956298828125,0.2681136131286621,-15.919286727905273,10.769657135009766
1700957993870946600,13.899946533203124,-1.9539690017700195,-10.067756652832031,7.384857654571533
1700957993887939000,13.91693896484375,-6.853861331939697,-0.8162660598754883,9.674016952514648
1700957993904929500,13.933929443359375,-8.53514289855957,6.489383697509766,25.659759521484375
1700957993921919200,13.950919189453124,-0.5814714431762695,9.869319915771484,44.027862548828125
1700957993938914800,13.967914794921874,7.021651744842529,15.233025550842285,40.5774040222168
1700957993955905500,13.984905517578126,8.517610549926758,18.785884857177734,24.89109992980957
1700957993972894000,14.00189404296875,7.64540433883667,18.6290340423584,14.437104225158691
1700957993989887000,14.018886962890624,3.1709794998168945,15.141913414001465,9.777828216552734
1700957994006877400,14.03587744140625,-0.9483566284179688,11.509284973144531,3.227100372314453
1700957994023861200,14.052861328125,-2.04276180267334,8.775516510009766,-3.344273567199707
1700957994040848600,14.0698486328125,-0.5611362457275391,7.678773880004883,-7.471020698547363
1700957994057842200,14.08684228515625,0.6112656593322754,7.876796722412109,-9.465017318725586
1700957994074832600,14.10383251953125,1.2748620510101318,8.518587112426758,-9.164690017700195
1700957994091827000,14.120826904296875,1.7785621881484985,9.03399658203125,-7.981116771697998
1700957994108816100,14.137816162109376,2.6550488471984863,8.680944442749023,-7.802298545837402
1700957994125808000,14.15480810546875,3.570498466491699,7.781015396118164,-9.529870986938477
1700957994142800000,14.1717998046875,3.2778658866882324,6.922225475311279,-11.009199142456055
1700957994159791900,14.1887919921875,2.836414337158203,6.959554672241211,-10.752941131591797
1700957994176779800,14.20577978515625,2.1918516159057617,7.089858531951904,-6.361105442047119
1700957994193772500,14.2227724609375,1.449216604232788,6.724006175994873,0.19774770736694336
1700957994210775800,14.23977587890625,1.474536418914795,6.267519474029541,5.342052459716797
1700957994227765500,14.256765625,2.6048567295074463,9.308258056640625,5.521071434020996
1700957994244755700,14.273755615234375,4.872210502624512,16.61487579345703,6.857727527618408
1700957994261737500,14.290737548828124,6.593357086181641,18.81853485107422,17.18865966796875
1700957994278738400,14.307738525390626,9.706758499145508,17.973041534423828,25.322492599487305
1700957994295726300,14.324726318359374,10.690616607666016,16.958141326904297,25.8317928314209
1700957994312725500,14.3417255859375,6.268651008605957,13.235906600952148,27.76784324645996
1700957994329713700,14.358713623046874,2.633131504058838,4.736667633056641,28.20998191833496
1700957994346703600,14.37570361328125,4.314301490783691,-4.470141410827637,22.33941078186035
1700957994363685600,14.392685546875,7.63872766494751,-11.81450366973877,15.18321704864502
1700957994380675800,14.40967578125,9.413078308105469,-17.635421752929688,9.468439102172852
1700957994397666300,14.426666259765625,8.056071281433105,-21.819934844970703,5.101315498352051
1700957994414669000,14.4436689453125,4.7915472984313965,-23.994911193847656,1.7305786609649658
1700957994431661600,14.46066162109375,3.824657917022705,-25.292360305786133,-0.2978513240814209
1700957994448651800,14.47765185546875,5.308358669281006,-25.65977668762207,-1.258124828338623
1700957994465643800,14.494643798828125,7.441469669342041,-25.22179412841797,0.2849358320236206
1700957994482634000,14.511634033203125,8.044843673706055,-24.241344451904297,2.7201409339904785
1700957994499626800,14.528626708984374,7.6719255447387695,-22.471961975097656,4.733069896697998
1700957994516614400,14.545614501953125,5.817409992218018,-20.638729095458984,5.256817817687988
1700957994533611000,14.562611083984375,4.946990966796875,-19.18816566467285,5.076899528503418
1700957994550589700,14.579589599609376,4.573145389556885,-18.492652893066406,6.9654693603515625
1700957994567592200,14.59659228515625,3.306013345718384,-17.980571746826172,10.906723976135254
1700957994584582100,14.61358203125,-0.22499465942382812,-16.58550262451172,13.480323791503906
1700957994601574700,14.63057470703125,-4.423434734344482,-12.243982315063477,14.62286376953125
1700957994618562300,14.647562255859375,-6.952203273773193,-4.330541133880615,18.496501922607422
1700957994635559400,14.664559326171876,-1.5121769905090332,2.2497711181640625,32.402191162109375
1700957994652547300,14.68154736328125,3.8673667907714844,6.187742710113525,48.85483932495117
1700957994669539800,14.698539794921874,5.819174766540527,12.028406143188477,46.341522216796875
1700957994686530300,14.7155302734375,6.281053066253662,18.3087100982666,30.448896408081055
1700957994703522800,14.732522705078125,0.12630510330200195,19.228515625,21.08878517150879
1700957994720512500,14.749512451171874,-4.912268161773682,16.914867401123047,15.085428237915039
1700957994737505000,14.766505126953126,-3.6914548873901367,13.593595504760742,8.650699615478516
1700957994754491100,14.7834912109375,-0.5566296577453613,10.690690994262695,5.246614456176758
1700957994771486700,14.80048681640625,2.004859209060669,9.368855476379395,-0.45197343826293945
1700957994788478200,14.817478271484376,2.701411724090576,8.514355659484863,-5.617877960205078
1700957994805470700,14.834470703125,1.961137056350708,8.014562606811523,-8.006916046142578
1700957994822460700,14.851460693359375,0.8096270561218262,7.47286319732666,-7.96478271484375
1700957994839453200,14.868453125,0.2156383991241455,6.755216598510742,-7.213754177093506
1700957994856447000,14.885447021484374,0.30132293701171875,5.759512901306152,-7.021336078643799
1700957994873431600,14.902431640625,0.5655162334442139,4.391298294067383,-8.313876152038574
1700957994890430200,14.91943017578125,-0.0069162845611572266,3.135392904281616,-10.477882385253906
1700957994907418000,14.936418212890626,-0.8162951469421387,2.253598213195801,-12.277278900146484
1700957994924408600,14.95340869140625,-1.1269431114196777,1.8281545639038086,-12.629922866821289
1700957994941400800,14.97040087890625,-1.3221147060394287,1.8969335556030273,-10.125293731689453
1700957994958391300,14.987391357421876,-1.040074348449707,2.515288829803467,-6.378488540649414
1700957994975383800,15.0043837890625,0.18235039710998535,4.564120769500732,-4.088955402374268
1700957994992374000,15.0213740234375,2.661055088043213,7.314430236816406,-1.8694820404052734
1700957995009366000,15.038365966796874,9.376794815063477,10.762506484985352,0.1873488426208496
1700957995026356500,15.0553564453125,15.38524055480957,18.568262100219727,3.5346436500549316
1700957995043349000,15.072348876953125,8.773712158203125,21.505401611328125,22.841320037841797
1700957995060339200,15.089339111328124,-0.13384151458740234,24.137577056884766,35.467872619628906
1700957995077331700,15.106331787109376,-4.033304214477539,18.302759170532227,39.31444549560547
1700957995094322000,15.123322021484375,5.354487895965576,9.65018081665039,32.94359588623047
1700957995111314000,15.14031396484375,13.616521835327148,1.768545150756836,25.32386016845703
1700957995128304400,15.157304443359376,14.128979682922363,-4.148590564727783,19.643564224243164
1700957995145297000,15.174296875,11.244721412658691,-7.966763019561768,14.635571479797363
1700957995162285600,15.19128564453125,6.757485389709473,-9.788293838500977,11.193090438842773
1700957995179281000,15.208281005859375,2.21713924407959,-10.83261489868164,8.756784439086914
1700957995196267500,15.225267578125,0.38740038871765137,-11.171088218688965,6.964165210723877
1700957995213262300,15.242262451171875,-0.22343707084655762,-11.232023239135742,5.409866809844971
1700957995230241800,15.25924169921875,-0.2734987735748291,-10.983738899230957,3.3672475814819336
1700957995247244800,15.276244873046876,0.7336771488189697,-10.604815483093262,1.2965068817138672
1700957995264235000,15.293235107421875,1.9104365110397339,-10.287537574768066,-0.2365332841873169
1700957995281227300,15.310227294921875,1.6043453216552734,-9.877812385559082,-0.6637798547744751
1700957995298217700,15.3272177734375,0.9035273194313049,-9.64706802368164,-0.21903443336486816
1700957995315210200,15.344210205078125,0.805656909942627,-9.688697814941406,0.7190823554992676
1700957995332200000,15.361199951171875,1.2395613193511963,-9.534910202026367,1.2925825119018555
1700957995349181400,15.378181396484376,1.1100192070007324,-9.271252632141113,0.430804967880249
1700957995366185000,15.39518505859375,0.7997565865516663,-9.155801773071289,-0.8317642211914062
1700957995383165200,15.412165283203125,1.1878349781036377,-9.214729309082031,-0.24844717979431152
1700957995400165600,15.42916552734375,2.2019896507263184,-8.247344017028809,0.08456563949584961
1700957995417158000,15.446157958984376,3.587648630142212,-6.277392864227295,0.6531503200531006
1700957995434148400,15.4631484375,3.496401071548462,-4.047696590423584,0.41736507415771484
1700957995451140600,15.480140625,1.972015142440796,-2.2768263816833496,-0.3704488277435303
1700957995468131000,15.497131103515626,0.46555376052856445,-1.5079131126403809,-0.40700340270996094
1700957995485123600,15.51412353515625,-0.29190707206726074,-0.19788837432861328,-0.7381131649017334
1700957995502113800,15.53111376953125,0.8071300983428955,0.4101591110229492,-0.281494140625
1700957995519106000,15.54810595703125,3.8138413429260254,0.5801687240600586,-0.1805555820465088
1700957995536096000,15.565095947265625,6.474001884460449,1.658635139465332,-0.5093491077423096
1700957995553088800,15.5820888671875,5.5460357666015625,-1.799149513244629,0.16199660301208496
1700957995570078700,15.59907861328125,6.187849998474121,1.324544906616211,-1.3310595750808716
1700957995587071200,15.6160712890625,10.739875793457031,2.2206640243530273,6.113765716552734
1700957995604061400,15.6330615234375,7.242650032043457,2.3538928031921387,2.260171413421631
1700957995621054000,15.650053955078125,5.8967695236206055,0.4815082550048828,-3.16617488861084
1700957995638044200,15.667044189453126,3.732842445373535,-1.6191515922546387,-6.045751571655273
1700957995655037000,15.684036865234376,2.0533857345581055,-3.0506997108459473,-6.060797691345215
1700957995672036900,15.701036865234375,0.4960007667541504,-3.1928489208221436,-5.9021897315979
1700957995689021700,15.718021728515625,-0.5228481292724609,-3.4025075435638428,-4.646023750305176
1700957995706009600,15.735009521484375,-0.8928289413452148,-3.7656352519989014,-3.6220192909240723
1700957995723001900,15.752001953125,-0.850466251373291,-3.932894468307495,-4.002070426940918
1700957995739992300,15.768992431640624,0.06110095977783203,-3.6653361320495605,-3.8148694038391113
1700957995756982000,15.78598193359375,0.31809043884277344,-3.44738507270813,-3.17496919631958
1700957995773977300,15.802977294921876,0.33035707473754883,-3.0095033645629883,-2.6428537368774414
1700957995790962200,15.819962158203126,0.41080522537231445,-2.2991256713867188,-2.6365692615509033
1700957995807946800,15.83694677734375,1.7507820129394531,-2.2787699699401855,-2.189044952392578
1700957995824949800,15.85394970703125,3.2956504821777344,-1.9538922309875488,-2.6526529788970947
1700957995841940000,15.87093994140625,3.740159511566162,-1.830237865447998,-3.050903797149658
1700957995858932700,15.8879326171875,2.932981014251709,-1.748647689819336,-2.8200528621673584
1700957995875923000,15.9049228515625,1.6115856170654297,-1.3889484405517578,-2.4425010681152344
1700957995892912400,15.921912353515625,1.2521872520446777,-0.7794618606567383,-2.717358112335205
1700957995909895700,15.938895751953124,2.7015295028686523,-0.6277384757995605,-3.0281598567962646
1700957995926889500,15.955889404296874,5.065710544586182,-0.7288165092468262,-3.1509015560150146
1700957995943877600,15.972877685546875,5.947185516357422,-0.9051275253295898,-2.579923629760742
1700957995960876000,15.9898759765625,4.9922356605529785,-0.9746136665344238,-2.050994396209717
1700957995977855200,16.006855224609374,3.1650023460388184,-0.600672721862793,-1.5118019580841064
1700957995994861000,16.023861083984375,1.922684669494629,-0.1166677474975586,-1.3154470920562744
1700957996011848400,16.040848388671876,1.334467887878418,0.04494190216064453,-1.7589761018753052
1700957996028840400,16.05784033203125,1.1191606521606445,0.08536815643310547,-2.12514591217041
1700957996045834800,16.074834716796875,1.373542308807373,-0.09388351440429688,-2.537163257598877
1700957996062817500,16.091817626953127,1.726358413696289,-0.504601001739502,-2.97306227684021
1700957996079812600,16.1088125,1.938002109527588,-0.9901552200317383,-3.1591434478759766
1700957996096804400,16.125804443359375,1.8136682510375977,-1.2988495826721191,-3.315073013305664
1700957996113793800,16.142793701171875,1.68715238571167,-1.1887397766113281,-3.1545064449310303
1700957996130787600,16.15978759765625,-0.09708881378173828,-0.9341216087341309,-2.709407329559326
1700957996147786200,16.1767861328125,-0.8750104904174805,-0.6817865371704102,-2.4730677604675293
1700957996164776400,16.1937763671875,-0.15587186813354492,-0.5104036331176758,-2.38411545753479
1700957996181766700,16.2107666015625,0.6696152687072754,-0.9676141738891602,-2.664188861846924
